gamma,speculative_vs_true_speedup,speculative_vs_true_speedup_median,speculative_vs_zero_draft_speedup,speculative_vs_zero_draft_speedup_median,framework_overhead_ms,framework_overhead_ms_median,target_verify_reduction_ms,target_verify_reduction_ms_median,draft_overhead_ms,net_time_saved_ms,accepted_tokens_per_drafted_token,accepted_tokens_per_sample
1,0.811640,0.812512,1.091446,1.087992,3485.633200,3442.449000,943.648400,1041.261000,3112.049200,-2436.272400,0.701053,66.600000
2,0.591347,0.603155,1.013214,1.150000,8779.837400,9968.718000,-592.356600,2147.854000,4967.663000,-9283.273000,0.715000,85.800000
4,0.833993,0.826572,1.020823,1.081251,3025.148600,3790.021000,-491.860400,1164.795000,5170.305200,-4368.064400,0.708455,97.200000
8,0.815957,0.753599,1.097553,1.016491,4118.372400,4063.030000,1376.660200,406.698000,4118.439000,-2918.060600,0.664447,99.800000
16,0.950943,0.928812,1.296483,1.252473,3541.656400,3372.858000,3031.052000,2859.711000,3502.296000,-792.515000,0.660650,109.800000
