sample_id,mode,total_decode_time_ms,draft_time_ms,target_verify_time_ms,accept_reject_time_ms,generated_tokens,drafted_tokens,accepted_tokens,acceptance_rate,decode_tok_per_s
0,true_target_only,6459.122,0.000,6438.611,16.031,65,0,0,0.000000,10.063,0.000,0.000,0.000,0.000,0.000,0,0,65,0,0,0,0,65,0.000,0.000,10.095
1,spec_draft_max_0,13376.063,1897.735,11460.582,12.877,65,0,0,0.000000,4.859,0.000,622.676,1273.158,1.724,0.177,0,0,65,1,212,65,65,65,0.000,51.054,5.672
2,speculative,9153.265,1892.895,7243.227,14.393,70,67,48,0.716418,7.648,0.000,690.419,1182.620,19.717,0.139,67,67,89,8,219,67,67,22,35.396,56.654,12.287
3,true_target_only,7391.367,0.000,7374.020,13.160,65,0,0,0.000000,8.794,0.000,0.000,0.000,0.000,0.000,0,0,65,0,0,0,0,65,0.000,0.000,8.815
4,spec_draft_max_0,9381.492,1611.057,7750.880,15.394,65,0,0,0.000000,6.929,0.000,592.318,1016.020,2.518,0.201,0,0,65,1,212,65,65,65,0.000,63.975,8.386
5,speculative,10940.401,3835.998,7085.624,16.393,66,61,45,0.737705,6.033,0.000,2735.980,1083.916,15.963,0.139,61,61,82,10,221,61,61,21,15.902,56.277,11.573
6,true_target_only,6799.157,0.000,6780.939,13.731,65,0,0,0.000000,9.560,0.000,0.000,0.000,0.000,0.000,0,0,65,0,0,0,0,65,0.000,0.000,9.586
7,spec_draft_max_0,12081.784,2218.305,9845.767,12.945,65,0,0,0.000000,5.380,0.000,806.853,1407.232,4.031,0.189,0,0,65,1,212,65,65,65,0.000,46.190,6.602
8,speculative,10872.963,2329.159,8523.990,15.395,65,70,40,0.571429,5.978,0.000,904.629,1408.724,15.650,0.156,70,70,95,7,218,70,70,25,30.054,49.690,11.145
